Repetition,Jee2,Jie2,Jei2,Jii2,Jee,Jii,Jei,Jme,Jmi
0,0.0,53.67070081592342,70.5453193761369,0.0,5.850100857410972,54.54840085624238,250.0,196.57322764818196,299.6402746150135
1,0.0,51.1014467810226,70.69545855914731,0.0,6.517790162835201,57.8370960158723,250.0,203.318553550619,328.43616756947335
2,0.0,53.748266603005845,64.39430813171357,0.0,6.198733564091592,58.73195594357536,250.0,176.61680261270567,344.2499231906745
3,0.0,49.19141159022875,67.34905854788603,0.0,6.182385694085932,58.23823788898923,250.0,199.74612606815816,339.85681193149924
4,0.0,55.19985469628869,60.943757803429634,0.0,6.6491687718992285,53.14053158123085,250.0,191.680084668995,315.7229399765114
5,0.0,53.42291203090012,61.03826401820697,0.0,5.915609948108064,49.93975443845254,250.0,182.0762960989434,353.9067475014657
6,0.0,48.59081606147725,64.17484626320409,0.0,6.353011974501555,53.34692612419699,250.0,184.55626747039443,358.41684484791404
7,0.0,49.5080130294191,66.88508153148855,0.0,5.8617677778197885,58.9288646724282,250.0,185.58392749130175,350.09961455206263
8,0.0,56.3193278999541,60.51213003519538,0.0,6.97993823384148,53.4734949977607,250.0,199.90656973872993,352.89788914518596
9,0.0,51.61328129638647,60.278682518241474,0.0,5.918367165778086,51.10933902311384,250.0,199.71943140803617,343.74297638958535
10,0.0,48.04998593067508,61.02646522732866,0.0,6.075258073591854,50.976485576691,250.0,208.197622078601,362.60062656899686
11,0.0,55.961209253775806,69.3497401876641,0.0,6.667646665751407,55.07904790355941,250.0,184.1568156922793,347.0602910402188
12,0.0,49.15267708724282,64.27045840521751,0.0,6.718698868070031,51.036149337626306,250.0,179.07616538136745,320.9270621773474
13,0.0,55.238979386861295,62.35518744702164,0.0,6.100147108630883,60.3147445751287,250.0,190.77028629455197,316.8657927899978
14,0.0,51.43714077144232,72.06485238481615,0.0,5.987444497980654,55.33354031449045,250.0,176.43230547321397,299.20025774517
15,0.0,47.83433138817186,60.06080242362024,0.0,5.8631305825795215,60.3047101026094,250.0,199.469826895649,309.7192896126882
16,0.0,56.10232101886895,67.80933958250377,0.0,6.482497073063638,59.25874834329662,250.0,202.8844639301739,307.41213691847094
17,0.0,53.4521540221255,69.82514763392115,0.0,6.124478376745278,55.743856093883686,250.0,205.61454429896685,342.0997838847778
18,0.0,56.48023660711914,63.586799294614885,0.0,6.983598374661362,56.50498644456736,250.0,176.62941408969317,308.11878118690504
19,0.0,55.67742127650675,63.508975663171675,0.0,6.113006771632049,59.62299027331587,250.0,179.9491920789113,344.62162871574765
20,0.0,55.55513486470041,71.57529532910159,0.0,6.5149784004475215,54.76519341665386,250.0,213.35254708379145,298.6074206575678
21,0.0,52.53058877456476,59.7626430099383,0.0,6.114165093677328,58.03548895297483,250.0,181.468790517403,334.8317919196957
22,0.0,48.97435813779117,62.27037213322068,0.0,6.52467168673503,55.4280105767528,250.0,180.0109704493674,326.6754214932342
23,0.0,55.87812502246362,61.6370430737207,0.0,6.554606930699041,56.207579626990785,250.0,203.1269320881665,307.24590629668035
24,0.0,55.86160543069831,62.666115390942934,0.0,7.040935805868629,59.58254144990629,250.0,180.8203375900144,301.04195744026254
25,0.0,54.456503278673935,71.4269340663838,0.0,7.072937387142119,55.10507242415626,250.0,200.2404974449007,324.88304361048057
26,0.0,46.99163391433614,64.34581880174021,0.0,6.928066806222691,60.336681300998166,250.0,178.2294040214985,310.60652895518365
27,0.0,55.12356372776183,70.71379730204083,0.0,6.427449451765442,58.01315458420385,250.0,193.84116325162452,302.9103883943551
28,0.0,50.13596831977819,64.70025010732722,0.0,7.0683935548789805,49.71528147857493,250.0,190.7189237626308,316.6568603698156
29,0.0,51.82277993086919,64.04986105184649,0.0,5.944028571921672,50.84841639348384,250.0,209.09998254643196,320.7641755157767
30,0.0,55.00370807367376,71.93388565858464,0.0,7.129021530701544,51.729870019108574,250.0,203.53727648070745,309.37274573965396
31,0.0,48.01552582045744,70.89497520412367,0.0,7.043942334381865,57.00125791827614,250.0,206.05066094965665,357.80620651939256
32,0.0,48.990696546227696,65.37365407936905,0.0,6.81985520369599,55.25792719704097,250.0,186.50439521956616,309.8809637484549
33,0.0,57.063889668263094,66.90843453286914,0.0,6.678743567072649,58.901943220394,250.0,183.27156124843253,354.6223265254259
34,0.0,54.181246159905136,66.12588373483365,0.0,6.692044862753532,58.68709771215877,250.0,186.65120506216243,340.66995297383124
35,0.0,47.2525601571045,63.96262494080202,0.0,6.291009679448061,54.12950347666719,250.0,179.76298278325422,325.1363381093833
36,0.0,57.132408483621795,59.51436815992893,0.0,6.580929633801787,51.61104103571988,250.0,193.1221993813491,340.15680831781737
37,0.0,52.68599897673086,64.73374955158188,0.0,6.461915710926663,56.28039450193152,250.0,177.65609435936523,346.4264574776986
38,0.0,52.44191946403244,67.55635690887246,0.0,6.616713868577336,55.99188522290845,250.0,212.96341633164917,346.00017876280384
39,0.0,48.93694114815928,66.56519387089477,0.0,6.608245550560799,56.640479876320704,250.0,214.31618421363808,355.9879285017086
40,0.0,56.88502885236336,66.36797871836637,0.0,5.97641154960988,53.97683029191492,250.0,200.09240076562983,322.31170758868114
41,0.0,48.477602488312584,61.06843539456909,0.0,6.931855146707619,52.25817881295122,250.0,192.870651523663,303.8097189968923
42,0.0,54.62298320324796,68.86339185875714,0.0,7.123928122482621,53.27864413027832,250.0,195.79025039169133,321.445662966523
43,0.0,51.70767024357262,62.237494068643585,0.0,6.577980903708827,53.88323667161878,250.0,188.78876165963615,346.4240230251638
44,0.0,49.86668614592748,72.22111142143712,0.0,6.498963244876683,55.03349838973065,250.0,191.26310236403813,358.9867107680189
45,0.0,51.73060623417125,68.73641676298321,0.0,6.8365587505126735,55.40146676676168,250.0,179.64655040293854,332.7021541632472
46,0.0,51.803175145373814,70.96727964027481,0.0,6.850023658889951,53.97083243676132,250.0,211.7577803405303,359.6442134983556
47,0.0,52.549270816570505,71.32697915182992,0.0,6.729630606688824,58.43665458610491,250.0,176.8630281827264,320.4396448339849
48,0.0,53.72802837254825,71.58778389250666,0.0,6.022112994023533,55.6809459190861,250.0,211.89250910342227,308.31347603068605
49,0.0,50.64004715071336,70.25917180143017,0.0,6.907029552402237,57.6230203621214,250.0,194.135621743245,298.1546426171688
